{
    "loss": 0.18069665133953094,
    "accuracy": 0.9482758641242981
}